,DATE,EXP_YEAR,EXP_MONTH,PRICE,MATURITY
0,2014-01-02 00:00:00,2014,1,17.95,2014-01-17 00:00:00
1,2014-01-02 00:00:00,2014,2,18.65,2014-02-21 00:00:00
2,2014-01-02 00:00:00,2014,3,18.95,2014-03-21 00:00:00
3,2014-01-02 00:00:00,2014,4,19.05,2014-04-18 00:00:00
4,2014-01-02 00:00:00,2014,5,20.15,2014-05-16 00:00:00
5,2014-01-02 00:00:00,2014,6,20.9,2014-06-20 00:00:00
6,2014-01-02 00:00:00,2014,7,21.4,2014-07-18 00:00:00
7,2014-01-02 00:00:00,2014,8,21.75,2014-08-15 00:00:00
8,2014-01-03 00:00:00,2014,1,17.75,2014-01-17 00:00:00
9,2014-01-03 00:00:00,2014,2,18.4,2014-02-21 00:00:00
10,2014-01-03 00:00:00,2014,3,18.75,2014-03-21 00:00:00
11,2014-01-03 00:00:00,2014,4,18.9,2014-04-18 00:00:00
12,2014-01-03 00:00:00,2014,5,20.05,2014-05-16 00:00:00
13,2014-01-03 00:00:00,2014,6,20.85,2014-06-20 00:00:00
14,2014-01-03 00:00:00,2014,7,21.4,2014-07-18 00:00:00
15,2014-01-03 00:00:00,2014,8,21.65,2014-08-15 00:00:00
16,2014-01-06 00:00:00,2014,1,17.8,2014-01-17 00:00:00
17,2014-01-06 00:00:00,2014,2,18.35,2014-02-21 00:00:00
18,2014-01-06 00:00:00,2014,3,18.85,2014-03-21 00:00:00
19,2014-01-06 00:00:00,2014,4,18.9,2014-04-18 00:00:00
20,2014-01-06 00:00:00,2014,5,20.0,2014-05-16 00:00:00
21,2014-01-06 00:00:00,2014,6,20.7,2014-06-20 00:00:00
22,2014-01-06 00:00:00,2014,7,21.15,2014-07-18 00:00:00
23,2014-01-06 00:00:00,2014,8,21.45,2014-08-15 00:00:00
24,2014-01-07 00:00:00,2014,1,17.15,2014-01-17 00:00:00
25,2014-01-07 00:00:00,2014,2,17.95,2014-02-21 00:00:00
26,2014-01-07 00:00:00,2014,3,18.55,2014-03-21 00:00:00
27,2014-01-07 00:00:00,2014,4,18.55,2014-04-18 00:00:00
28,2014-01-07 00:00:00,2014,5,19.7,2014-05-16 00:00:00
29,2014-01-07 00:00:00,2014,6,20.4,2014-06-20 00:00:00
30,2014-01-07 00:00:00,2014,7,20.9,2014-07-18 00:00:00
31,2014-01-07 00:00:00,2014,8,21.2,2014-08-15 00:00:00
32,2014-01-08 00:00:00,2014,1,17.45,2014-01-17 00:00:00
33,2014-01-08 00:00:00,2014,2,18.2,2014-02-21 00:00:00
34,2014-01-08 00:00:00,2014,3,18.65,2014-03-21 00:00:00
35,2014-01-08 00:00:00,2014,4,18.65,2014-04-18 00:00:00
36,2014-01-08 00:00:00,2014,5,19.8,2014-05-16 00:00:00
37,2014-01-08 00:00:00,2014,6,20.4,2014-06-20 00:00:00
38,2014-01-08 00:00:00,2014,7,20.9,2014-07-18 00:00:00
39,2014-01-08 00:00:00,2014,8,21.3,2014-08-15 00:00:00
40,2014-01-09 00:00:00,2014,1,17.6,2014-01-17 00:00:00
41,2014-01-09 00:00:00,2014,2,18.3,2014-02-21 00:00:00
42,2014-01-09 00:00:00,2014,3,18.75,2014-03-21 00:00:00
43,2014-01-09 00:00:00,2014,4,18.8,2014-04-18 00:00:00
44,2014-01-09 00:00:00,2014,5,19.7,2014-05-16 00:00:00
45,2014-01-09 00:00:00,2014,6,20.45,2014-06-20 00:00:00
46,2014-01-09 00:00:00,2014,7,21.1,2014-07-18 00:00:00
47,2014-01-09 00:00:00,2014,8,21.4,2014-08-15 00:00:00
48,2014-01-10 00:00:00,2014,1,16.85,2014-01-17 00:00:00
49,2014-01-10 00:00:00,2014,2,17.9,2014-02-21 00:00:00
50,2014-01-10 00:00:00,2014,3,18.5,2014-03-21 00:00:00
51,2014-01-10 00:00:00,2014,4,18.5,2014-04-18 00:00:00
52,2014-01-10 00:00:00,2014,5,19.65,2014-05-16 00:00:00
53,2014-01-10 00:00:00,2014,6,20.3,2014-06-20 00:00:00
54,2014-01-10 00:00:00,2014,7,20.9,2014-07-18 00:00:00
55,2014-01-10 00:00:00,2014,8,21.25,2014-08-15 00:00:00
56,2014-01-13 00:00:00,2014,1,16.9,2014-01-17 00:00:00
57,2014-01-13 00:00:00,2014,2,17.95,2014-02-21 00:00:00
58,2014-01-13 00:00:00,2014,3,18.5,2014-03-21 00:00:00
59,2014-01-13 00:00:00,2014,4,18.5,2014-04-18 00:00:00
60,2014-01-13 00:00:00,2014,5,19.65,2014-05-16 00:00:00
61,2014-01-13 00:00:00,2014,6,20.35,2014-06-20 00:00:00
62,2014-01-13 00:00:00,2014,7,20.95,2014-07-18 00:00:00
63,2014-01-13 00:00:00,2014,8,21.2,2014-08-15 00:00:00
64,2014-01-14 00:00:00,2014,1,16.75,2014-01-17 00:00:00
65,2014-01-14 00:00:00,2014,2,17.9,2014-02-21 00:00:00
66,2014-01-14 00:00:00,2014,3,18.45,2014-03-21 00:00:00
67,2014-01-14 00:00:00,2014,4,18.4,2014-04-18 00:00:00
68,2014-01-14 00:00:00,2014,5,19.65,2014-05-16 00:00:00
69,2014-01-14 00:00:00,2014,6,20.35,2014-06-20 00:00:00
70,2014-01-14 00:00:00,2014,7,20.95,2014-07-18 00:00:00
71,2014-01-14 00:00:00,2014,8,21.25,2014-08-15 00:00:00
72,2014-01-15 00:00:00,2014,1,16.55,2014-01-17 00:00:00
73,2014-01-15 00:00:00,2014,2,17.55,2014-02-21 00:00:00
74,2014-01-15 00:00:00,2014,3,18.3,2014-03-21 00:00:00
75,2014-01-15 00:00:00,2014,4,18.3,2014-04-18 00:00:00
76,2014-01-15 00:00:00,2014,5,19.55,2014-05-16 00:00:00
77,2014-01-15 00:00:00,2014,6,20.15,2014-06-20 00:00:00
78,2014-01-15 00:00:00,2014,7,20.75,2014-07-18 00:00:00
79,2014-01-15 00:00:00,2014,8,21.1,2014-08-15 00:00:00
80,2014-01-16 00:00:00,2014,1,16.95,2014-01-17 00:00:00
81,2014-01-16 00:00:00,2014,2,17.9,2014-02-21 00:00:00
82,2014-01-16 00:00:00,2014,3,18.55,2014-03-21 00:00:00
83,2014-01-16 00:00:00,2014,4,18.55,2014-04-18 00:00:00
84,2014-01-16 00:00:00,2014,5,19.7,2014-05-16 00:00:00
85,2014-01-16 00:00:00,2014,6,20.45,2014-06-20 00:00:00
86,2014-01-16 00:00:00,2014,7,20.9,2014-07-18 00:00:00
87,2014-01-16 00:00:00,2014,8,21.3,2014-08-15 00:00:00
88,2014-01-17 00:00:00,2014,1,16.45,2014-01-17 00:00:00
89,2014-01-17 00:00:00,2014,2,17.55,2014-02-21 00:00:00
90,2014-01-17 00:00:00,2014,3,18.45,2014-03-21 00:00:00
91,2014-01-17 00:00:00,2014,4,18.45,2014-04-18 00:00:00
92,2014-01-17 00:00:00,2014,5,19.65,2014-05-16 00:00:00
93,2014-01-17 00:00:00,2014,6,20.3,2014-06-20 00:00:00
94,2014-01-17 00:00:00,2014,7,20.85,2014-07-18 00:00:00
95,2014-01-17 00:00:00,2014,8,21.3,2014-08-15 00:00:00
96,2014-01-20 00:00:00,2014,1,16.1,2014-01-17 00:00:00
97,2014-01-20 00:00:00,2014,2,17.35,2014-02-21 00:00:00
98,2014-01-20 00:00:00,2014,3,18.1,2014-03-21 00:00:00
99,2014-01-20 00:00:00,2014,4,18.25,2014-04-18 00:00:00
100,2014-01-20 00:00:00,2014,5,19.6,2014-05-16 00:00:00
101,2014-01-20 00:00:00,2014,6,20.25,2014-06-20 00:00:00
102,2014-01-20 00:00:00,2014,7,20.9,2014-07-18 00:00:00
103,2014-01-20 00:00:00,2014,8,21.25,2014-08-15 00:00:00
104,2014-01-21 00:00:00,2014,1,16.0,2014-01-17 00:00:00
105,2014-01-21 00:00:00,2014,2,17.35,2014-02-21 00:00:00
106,2014-01-21 00:00:00,2014,3,18.25,2014-03-21 00:00:00
107,2014-01-21 00:00:00,2014,4,18.35,2014-04-18 00:00:00
108,2014-01-21 00:00:00,2014,5,19.65,2014-05-16 00:00:00
109,2014-01-21 00:00:00,2014,6,20.25,2014-06-20 00:00:00
110,2014-01-21 00:00:00,2014,7,20.8,2014-07-18 00:00:00
111,2014-01-21 00:00:00,2014,8,21.3,2014-08-15 00:00:00
112,2014-01-22 00:00:00,2014,1,16.64,2014-01-17 00:00:00
113,2014-01-22 00:00:00,2014,2,17.4,2014-02-21 00:00:00
114,2014-01-22 00:00:00,2014,3,18.2,2014-03-21 00:00:00
115,2014-01-22 00:00:00,2014,4,18.45,2014-04-18 00:00:00
116,2014-01-22 00:00:00,2014,5,19.65,2014-05-16 00:00:00
117,2014-01-22 00:00:00,2014,6,20.3,2014-06-20 00:00:00
118,2014-01-22 00:00:00,2014,7,20.8,2014-07-18 00:00:00
119,2014-01-22 00:00:00,2014,8,21.15,2014-08-15 00:00:00
120,2014-01-23 00:00:00,2014,2,18.05,2014-02-21 00:00:00
121,2014-01-23 00:00:00,2014,3,18.65,2014-03-21 00:00:00
122,2014-01-23 00:00:00,2014,4,18.75,2014-04-18 00:00:00
123,2014-01-23 00:00:00,2014,5,20.0,2014-05-16 00:00:00
124,2014-01-23 00:00:00,2014,6,20.55,2014-06-20 00:00:00
125,2014-01-23 00:00:00,2014,7,20.95,2014-07-18 00:00:00
126,2014-01-23 00:00:00,2014,8,21.25,2014-08-15 00:00:00
127,2014-01-23 00:00:00,2014,9,21.55,2014-09-19 00:00:00
128,2014-01-24 00:00:00,2014,2,19.85,2014-02-21 00:00:00
129,2014-01-24 00:00:00,2014,3,19.6,2014-03-21 00:00:00
130,2014-01-24 00:00:00,2014,4,19.5,2014-04-18 00:00:00
131,2014-01-24 00:00:00,2014,5,20.6,2014-05-16 00:00:00
132,2014-01-24 00:00:00,2014,6,21.0,2014-06-20 00:00:00
133,2014-01-24 00:00:00,2014,7,21.45,2014-07-18 00:00:00
134,2014-01-24 00:00:00,2014,8,21.7,2014-08-15 00:00:00
135,2014-01-24 00:00:00,2014,9,21.8,2014-09-19 00:00:00
136,2014-01-27 00:00:00,2014,2,19.75,2014-02-21 00:00:00
137,2014-01-27 00:00:00,2014,3,19.65,2014-03-21 00:00:00
138,2014-01-27 00:00:00,2014,4,19.55,2014-04-18 00:00:00
139,2014-01-27 00:00:00,2014,5,20.65,2014-05-16 00:00:00
140,2014-01-27 00:00:00,2014,6,21.05,2014-06-20 00:00:00
141,2014-01-27 00:00:00,2014,7,21.45,2014-07-18 00:00:00
142,2014-01-27 00:00:00,2014,8,21.55,2014-08-15 00:00:00
143,2014-01-27 00:00:00,2014,9,21.75,2014-09-19 00:00:00
144,2014-01-28 00:00:00,2014,2,19.4,2014-02-21 00:00:00
145,2014-01-28 00:00:00,2014,3,19.55,2014-03-21 00:00:00
146,2014-01-28 00:00:00,2014,4,19.35,2014-04-18 00:00:00
147,2014-01-28 00:00:00,2014,5,20.35,2014-05-16 00:00:00
148,2014-01-28 00:00:00,2014,6,20.75,2014-06-20 00:00:00
149,2014-01-28 00:00:00,2014,7,21.05,2014-07-18 00:00:00
150,2014-01-28 00:00:00,2014,8,21.35,2014-08-15 00:00:00
151,2014-01-28 00:00:00,2014,9,21.5,2014-09-19 00:00:00
152,2014-01-29 00:00:00,2014,2,19.9,2014-02-21 00:00:00
153,2014-01-29 00:00:00,2014,3,19.95,2014-03-21 00:00:00
154,2014-01-29 00:00:00,2014,4,19.65,2014-04-18 00:00:00
155,2014-01-29 00:00:00,2014,5,20.5,2014-05-16 00:00:00
156,2014-01-29 00:00:00,2014,6,21.0,2014-06-20 00:00:00
157,2014-01-29 00:00:00,2014,7,21.3,2014-07-18 00:00:00
158,2014-01-29 00:00:00,2014,8,21.4,2014-08-15 00:00:00
159,2014-01-29 00:00:00,2014,9,21.55,2014-09-19 00:00:00
160,2014-01-30 00:00:00,2014,2,20.1,2014-02-21 00:00:00
161,2014-01-30 00:00:00,2014,3,20.05,2014-03-21 00:00:00
162,2014-01-30 00:00:00,2014,4,19.7,2014-04-18 00:00:00
163,2014-01-30 00:00:00,2014,5,20.6,2014-05-16 00:00:00
164,2014-01-30 00:00:00,2014,6,21.0,2014-06-20 00:00:00
165,2014-01-30 00:00:00,2014,7,21.2,2014-07-18 00:00:00
166,2014-01-30 00:00:00,2014,8,21.4,2014-08-15 00:00:00
167,2014-01-30 00:00:00,2014,9,21.55,2014-09-19 00:00:00
168,2014-01-31 00:00:00,2014,2,20.85,2014-02-21 00:00:00
169,2014-01-31 00:00:00,2014,3,20.4,2014-03-21 00:00:00
170,2014-01-31 00:00:00,2014,4,20.0,2014-04-18 00:00:00
171,2014-01-31 00:00:00,2014,5,20.9,2014-05-16 00:00:00
172,2014-01-31 00:00:00,2014,6,21.25,2014-06-20 00:00:00
173,2014-01-31 00:00:00,2014,7,21.4,2014-07-18 00:00:00
174,2014-01-31 00:00:00,2014,8,21.7,2014-08-15 00:00:00
175,2014-01-31 00:00:00,2014,9,21.9,2014-09-19 00:00:00
176,2014-02-03 00:00:00,2014,2,22.35,2014-02-21 00:00:00
177,2014-02-03 00:00:00,2014,3,21.65,2014-03-21 00:00:00
178,2014-02-03 00:00:00,2014,4,20.95,2014-04-18 00:00:00
179,2014-02-03 00:00:00,2014,5,21.55,2014-05-16 00:00:00
180,2014-02-03 00:00:00,2014,6,21.75,2014-06-20 00:00:00
181,2014-02-03 00:00:00,2014,7,21.95,2014-07-18 00:00:00
182,2014-02-03 00:00:00,2014,8,22.15,2014-08-15 00:00:00
183,2014-02-03 00:00:00,2014,9,22.3,2014-09-19 00:00:00
184,2014-02-04 00:00:00,2014,2,22.2,2014-02-21 00:00:00
185,2014-02-04 00:00:00,2014,3,21.8,2014-03-21 00:00:00
186,2014-02-04 00:00:00,2014,4,21.1,2014-04-18 00:00:00
187,2014-02-04 00:00:00,2014,5,21.7,2014-05-16 00:00:00
188,2014-02-04 00:00:00,2014,6,21.95,2014-06-20 00:00:00
189,2014-02-04 00:00:00,2014,7,22.0,2014-07-18 00:00:00
190,2014-02-04 00:00:00,2014,8,22.2,2014-08-15 00:00:00
191,2014-02-04 00:00:00,2014,9,22.3,2014-09-19 00:00:00
192,2014-02-05 00:00:00,2014,2,22.15,2014-02-21 00:00:00
193,2014-02-05 00:00:00,2014,3,21.95,2014-03-21 00:00:00
194,2014-02-05 00:00:00,2014,4,21.3,2014-04-18 00:00:00
195,2014-02-05 00:00:00,2014,5,21.85,2014-05-16 00:00:00
196,2014-02-05 00:00:00,2014,6,22.1,2014-06-20 00:00:00
197,2014-02-05 00:00:00,2014,7,22.15,2014-07-18 00:00:00
198,2014-02-05 00:00:00,2014,8,22.35,2014-08-15 00:00:00
199,2014-02-05 00:00:00,2014,9,22.4,2014-09-19 00:00:00
200,2014-02-06 00:00:00,2014,2,20.75,2014-02-21 00:00:00
201,2014-02-06 00:00:00,2014,3,20.9,2014-03-21 00:00:00
202,2014-02-06 00:00:00,2014,4,20.6,2014-04-18 00:00:00
203,2014-02-06 00:00:00,2014,5,21.4,2014-05-16 00:00:00
204,2014-02-06 00:00:00,2014,6,21.65,2014-06-20 00:00:00
205,2014-02-06 00:00:00,2014,7,21.9,2014-07-18 00:00:00
206,2014-02-06 00:00:00,2014,8,22.1,2014-08-15 00:00:00
207,2014-02-06 00:00:00,2014,9,22.3,2014-09-19 00:00:00
208,2014-02-07 00:00:00,2014,2,19.45,2014-02-21 00:00:00
209,2014-02-07 00:00:00,2014,3,19.8,2014-03-21 00:00:00
210,2014-02-07 00:00:00,2014,4,19.65,2014-04-18 00:00:00
211,2014-02-07 00:00:00,2014,5,20.5,2014-05-16 00:00:00
212,2014-02-07 00:00:00,2014,6,20.75,2014-06-20 00:00:00
213,2014-02-07 00:00:00,2014,7,21.15,2014-07-18 00:00:00
214,2014-02-07 00:00:00,2014,8,21.35,2014-08-15 00:00:00
215,2014-02-07 00:00:00,2014,9,21.7,2014-09-19 00:00:00
216,2014-02-10 00:00:00,2014,2,19.3,2014-02-21 00:00:00
217,2014-02-10 00:00:00,2014,3,19.7,2014-03-21 00:00:00
218,2014-02-10 00:00:00,2014,4,19.55,2014-04-18 00:00:00
219,2014-02-10 00:00:00,2014,5,20.5,2014-05-16 00:00:00
220,2014-02-10 00:00:00,2014,6,20.8,2014-06-20 00:00:00
221,2014-02-10 00:00:00,2014,7,21.15,2014-07-18 00:00:00
222,2014-02-10 00:00:00,2014,8,21.45,2014-08-15 00:00:00
223,2014-02-10 00:00:00,2014,9,21.7,2014-09-19 00:00:00
224,2014-02-11 00:00:00,2014,2,18.1,2014-02-21 00:00:00
225,2014-02-11 00:00:00,2014,3,18.6,2014-03-21 00:00:00
226,2014-02-11 00:00:00,2014,4,18.7,2014-04-18 00:00:00
227,2014-02-11 00:00:00,2014,5,19.9,2014-05-16 00:00:00
228,2014-02-11 00:00:00,2014,6,20.3,2014-06-20 00:00:00
229,2014-02-11 00:00:00,2014,7,20.75,2014-07-18 00:00:00
230,2014-02-11 00:00:00,2014,8,21.05,2014-08-15 00:00:00
231,2014-02-11 00:00:00,2014,9,21.3,2014-09-19 00:00:00
232,2014-02-12 00:00:00,2014,2,17.95,2014-02-21 00:00:00
233,2014-02-12 00:00:00,2014,3,18.7,2014-03-21 00:00:00
234,2014-02-12 00:00:00,2014,4,18.9,2014-04-18 00:00:00
235,2014-02-12 00:00:00,2014,5,20.05,2014-05-16 00:00:00
236,2014-02-12 00:00:00,2014,6,20.4,2014-06-20 00:00:00
237,2014-02-12 00:00:00,2014,7,20.75,2014-07-18 00:00:00
238,2014-02-12 00:00:00,2014,8,21.0,2014-08-15 00:00:00
239,2014-02-12 00:00:00,2014,9,21.3,2014-09-19 00:00:00
240,2014-02-13 00:00:00,2014,2,17.85,2014-02-21 00:00:00
241,2014-02-13 00:00:00,2014,3,18.65,2014-03-21 00:00:00
242,2014-02-13 00:00:00,2014,4,18.8,2014-04-18 00:00:00
243,2014-02-13 00:00:00,2014,5,20.0,2014-05-16 00:00:00
244,2014-02-13 00:00:00,2014,6,20.4,2014-06-20 00:00:00
245,2014-02-13 00:00:00,2014,7,20.8,2014-07-18 00:00:00
246,2014-02-13 00:00:00,2014,8,21.05,2014-08-15 00:00:00
247,2014-02-13 00:00:00,2014,9,21.25,2014-09-19 00:00:00
248,2014-02-14 00:00:00,2014,2,17.3,2014-02-21 00:00:00
249,2014-02-14 00:00:00,2014,3,18.1,2014-03-21 00:00:00
250,2014-02-14 00:00:00,2014,4,18.4,2014-04-18 00:00:00
251,2014-02-14 00:00:00,2014,5,19.7,2014-05-16 00:00:00
252,2014-02-14 00:00:00,2014,6,20.25,2014-06-20 00:00:00
253,2014-02-14 00:00:00,2014,7,20.65,2014-07-18 00:00:00
254,2014-02-14 00:00:00,2014,8,20.85,2014-08-15 00:00:00
255,2014-02-14 00:00:00,2014,9,21.05,2014-09-19 00:00:00
256,2014-02-17 00:00:00,2014,2,17.3,2014-02-21 00:00:00
257,2014-02-17 00:00:00,2014,3,18.0,2014-03-21 00:00:00
258,2014-02-17 00:00:00,2014,4,18.4,2014-04-18 00:00:00
259,2014-02-17 00:00:00,2014,5,19.8,2014-05-16 00:00:00
260,2014-02-17 00:00:00,2014,6,20.2,2014-06-20 00:00:00
261,2014-02-17 00:00:00,2014,7,20.6,2014-07-18 00:00:00
262,2014-02-17 00:00:00,2014,8,20.85,2014-08-15 00:00:00
263,2014-02-17 00:00:00,2014,9,21.1,2014-09-19 00:00:00
264,2014-02-18 00:00:00,2014,2,17.3,2014-02-21 00:00:00
265,2014-02-18 00:00:00,2014,3,17.85,2014-03-21 00:00:00
266,2014-02-18 00:00:00,2014,4,18.25,2014-04-18 00:00:00
267,2014-02-18 00:00:00,2014,5,19.65,2014-05-16 00:00:00
268,2014-02-18 00:00:00,2014,6,20.1,2014-06-20 00:00:00
269,2014-02-18 00:00:00,2014,7,20.6,2014-07-18 00:00:00
270,2014-02-18 00:00:00,2014,8,20.85,2014-08-15 00:00:00
271,2014-02-18 00:00:00,2014,9,21.1,2014-09-19 00:00:00
272,2014-02-19 00:00:00,2014,2,17.96,2014-02-21 00:00:00
273,2014-02-19 00:00:00,2014,3,17.95,2014-03-21 00:00:00
274,2014-02-19 00:00:00,2014,4,18.05,2014-04-18 00:00:00
275,2014-02-19 00:00:00,2014,5,19.5,2014-05-16 00:00:00
276,2014-02-19 00:00:00,2014,6,20.05,2014-06-20 00:00:00
277,2014-02-19 00:00:00,2014,7,20.5,2014-07-18 00:00:00
278,2014-02-19 00:00:00,2014,8,20.85,2014-08-15 00:00:00
279,2014-02-19 00:00:00,2014,9,21.05,2014-09-19 00:00:00
280,2014-02-20 00:00:00,2014,3,18.35,2014-03-21 00:00:00
281,2014-02-20 00:00:00,2014,4,18.4,2014-04-18 00:00:00
282,2014-02-20 00:00:00,2014,5,19.7,2014-05-16 00:00:00
283,2014-02-20 00:00:00,2014,6,20.15,2014-06-20 00:00:00
284,2014-02-20 00:00:00,2014,7,20.6,2014-07-18 00:00:00
285,2014-02-20 00:00:00,2014,8,20.9,2014-08-15 00:00:00
286,2014-02-20 00:00:00,2014,9,21.15,2014-09-19 00:00:00
287,2014-02-20 00:00:00,2014,10,21.25,2014-10-17 00:00:00
288,2014-02-21 00:00:00,2014,3,17.95,2014-03-21 00:00:00
289,2014-02-21 00:00:00,2014,4,18.0,2014-04-18 00:00:00
290,2014-02-21 00:00:00,2014,5,19.3,2014-05-16 00:00:00
291,2014-02-21 00:00:00,2014,6,19.75,2014-06-20 00:00:00
292,2014-02-21 00:00:00,2014,7,20.25,2014-07-18 00:00:00
293,2014-02-21 00:00:00,2014,8,20.7,2014-08-15 00:00:00
294,2014-02-21 00:00:00,2014,9,21.0,2014-09-19 00:00:00
295,2014-02-21 00:00:00,2014,10,21.1,2014-10-17 00:00:00
296,2014-02-24 00:00:00,2014,3,17.75,2014-03-21 00:00:00
297,2014-02-24 00:00:00,2014,4,17.85,2014-04-18 00:00:00
298,2014-02-24 00:00:00,2014,5,19.2,2014-05-16 00:00:00
299,2014-02-24 00:00:00,2014,6,19.75,2014-06-20 00:00:00
300,2014-02-24 00:00:00,2014,7,20.2,2014-07-18 00:00:00
301,2014-02-24 00:00:00,2014,8,20.55,2014-08-15 00:00:00
302,2014-02-24 00:00:00,2014,9,20.85,2014-09-19 00:00:00
303,2014-02-24 00:00:00,2014,10,21.05,2014-10-17 00:00:00
304,2014-02-25 00:00:00,2014,3,17.6,2014-03-21 00:00:00
305,2014-02-25 00:00:00,2014,4,17.75,2014-04-18 00:00:00
306,2014-02-25 00:00:00,2014,5,19.05,2014-05-16 00:00:00
307,2014-02-25 00:00:00,2014,6,19.6,2014-06-20 00:00:00
308,2014-02-25 00:00:00,2014,7,20.15,2014-07-18 00:00:00
309,2014-02-25 00:00:00,2014,8,20.5,2014-08-15 00:00:00
310,2014-02-25 00:00:00,2014,9,20.75,2014-09-19 00:00:00
311,2014-02-25 00:00:00,2014,10,21.0,2014-10-17 00:00:00
312,2014-02-26 00:00:00,2014,3,17.6,2014-03-21 00:00:00
313,2014-02-26 00:00:00,2014,4,17.8,2014-04-18 00:00:00
314,2014-02-26 00:00:00,2014,5,19.1,2014-05-16 00:00:00
315,2014-02-26 00:00:00,2014,6,19.65,2014-06-20 00:00:00
316,2014-02-26 00:00:00,2014,7,20.15,2014-07-18 00:00:00
317,2014-02-26 00:00:00,2014,8,20.55,2014-08-15 00:00:00
318,2014-02-26 00:00:00,2014,9,20.85,2014-09-19 00:00:00
319,2014-02-26 00:00:00,2014,10,21.0,2014-10-17 00:00:00
320,2014-02-27 00:00:00,2014,3,18.0,2014-03-21 00:00:00
321,2014-02-27 00:00:00,2014,4,18.1,2014-04-18 00:00:00
322,2014-02-27 00:00:00,2014,5,19.35,2014-05-16 00:00:00
323,2014-02-27 00:00:00,2014,6,19.9,2014-06-20 00:00:00
324,2014-02-27 00:00:00,2014,7,20.4,2014-07-18 00:00:00
325,2014-02-27 00:00:00,2014,8,20.7,2014-08-15 00:00:00
326,2014-02-27 00:00:00,2014,9,20.95,2014-09-19 00:00:00
327,2014-02-27 00:00:00,2014,10,21.1,2014-10-17 00:00:00
328,2014-02-28 00:00:00,2014,3,17.75,2014-03-21 00:00:00
329,2014-02-28 00:00:00,2014,4,17.9,2014-04-18 00:00:00
330,2014-02-28 00:00:00,2014,5,19.25,2014-05-16 00:00:00
331,2014-02-28 00:00:00,2014,6,19.8,2014-06-20 00:00:00
332,2014-02-28 00:00:00,2014,7,20.3,2014-07-18 00:00:00
333,2014-02-28 00:00:00,2014,8,20.65,2014-08-15 00:00:00
334,2014-02-28 00:00:00,2014,9,20.85,2014-09-19 00:00:00
335,2014-02-28 00:00:00,2014,10,21.1,2014-10-17 00:00:00
336,2014-03-03 00:00:00,2014,3,20.3,2014-03-21 00:00:00
337,2014-03-03 00:00:00,2014,4,19.65,2014-04-18 00:00:00
338,2014-03-03 00:00:00,2014,5,20.65,2014-05-16 00:00:00
339,2014-03-03 00:00:00,2014,6,20.9,2014-06-20 00:00:00
340,2014-03-03 00:00:00,2014,7,21.0,2014-07-18 00:00:00
341,2014-03-03 00:00:00,2014,8,21.35,2014-08-15 00:00:00
342,2014-03-03 00:00:00,2014,9,21.55,2014-09-19 00:00:00
343,2014-03-03 00:00:00,2014,10,21.6,2014-10-17 00:00:00
344,2014-03-04 00:00:00,2014,3,18.5,2014-03-21 00:00:00
345,2014-03-04 00:00:00,2014,4,18.2,2014-04-18 00:00:00
346,2014-03-04 00:00:00,2014,5,19.4,2014-05-16 00:00:00
347,2014-03-04 00:00:00,2014,6,19.85,2014-06-20 00:00:00
348,2014-03-04 00:00:00,2014,7,20.4,2014-07-18 00:00:00
349,2014-03-04 00:00:00,2014,8,20.65,2014-08-15 00:00:00
350,2014-03-04 00:00:00,2014,9,20.95,2014-09-19 00:00:00
351,2014-03-04 00:00:00,2014,10,21.15,2014-10-17 00:00:00
352,2014-03-05 00:00:00,2014,3,18.6,2014-03-21 00:00:00
353,2014-03-05 00:00:00,2014,4,18.35,2014-04-18 00:00:00
354,2014-03-05 00:00:00,2014,5,19.45,2014-05-16 00:00:00
355,2014-03-05 00:00:00,2014,6,19.9,2014-06-20 00:00:00
356,2014-03-05 00:00:00,2014,7,20.3,2014-07-18 00:00:00
357,2014-03-05 00:00:00,2014,8,20.6,2014-08-15 00:00:00
358,2014-03-05 00:00:00,2014,9,20.9,2014-09-19 00:00:00
359,2014-03-05 00:00:00,2014,10,21.05,2014-10-17 00:00:00
360,2014-03-06 00:00:00,2014,3,18.15,2014-03-21 00:00:00
361,2014-03-06 00:00:00,2014,4,18.05,2014-04-18 00:00:00
362,2014-03-06 00:00:00,2014,5,19.25,2014-05-16 00:00:00
363,2014-03-06 00:00:00,2014,6,19.75,2014-06-20 00:00:00
364,2014-03-06 00:00:00,2014,7,20.25,2014-07-18 00:00:00
365,2014-03-06 00:00:00,2014,8,20.55,2014-08-15 00:00:00
366,2014-03-06 00:00:00,2014,9,20.95,2014-09-19 00:00:00
367,2014-03-06 00:00:00,2014,10,21.1,2014-10-17 00:00:00
368,2014-03-07 00:00:00,2014,3,19.45,2014-03-21 00:00:00
369,2014-03-07 00:00:00,2014,4,18.95,2014-04-18 00:00:00
370,2014-03-07 00:00:00,2014,5,19.9,2014-05-16 00:00:00
371,2014-03-07 00:00:00,2014,6,20.15,2014-06-20 00:00:00
372,2014-03-07 00:00:00,2014,7,20.5,2014-07-18 00:00:00
373,2014-03-07 00:00:00,2014,8,20.75,2014-08-15 00:00:00
374,2014-03-07 00:00:00,2014,9,21.0,2014-09-19 00:00:00
375,2014-03-07 00:00:00,2014,10,21.2,2014-10-17 00:00:00
376,2014-03-10 00:00:00,2014,3,19.75,2014-03-21 00:00:00
377,2014-03-10 00:00:00,2014,4,19.15,2014-04-18 00:00:00
378,2014-03-10 00:00:00,2014,5,20.0,2014-05-16 00:00:00
379,2014-03-10 00:00:00,2014,6,20.35,2014-06-20 00:00:00
380,2014-03-10 00:00:00,2014,7,20.75,2014-07-18 00:00:00
381,2014-03-10 00:00:00,2014,8,21.0,2014-08-15 00:00:00
382,2014-03-10 00:00:00,2014,9,21.2,2014-09-19 00:00:00
383,2014-03-10 00:00:00,2014,10,21.35,2014-10-17 00:00:00
384,2014-03-11 00:00:00,2014,3,19.65,2014-03-21 00:00:00
385,2014-03-11 00:00:00,2014,4,19.1,2014-04-18 00:00:00
386,2014-03-11 00:00:00,2014,5,19.95,2014-05-16 00:00:00
387,2014-03-11 00:00:00,2014,6,20.3,2014-06-20 00:00:00
388,2014-03-11 00:00:00,2014,7,20.75,2014-07-18 00:00:00
389,2014-03-11 00:00:00,2014,8,20.9,2014-08-15 00:00:00
390,2014-03-11 00:00:00,2014,9,21.15,2014-09-19 00:00:00
391,2014-03-11 00:00:00,2014,10,21.4,2014-10-17 00:00:00
392,2014-03-12 00:00:00,2014,3,20.15,2014-03-21 00:00:00
393,2014-03-12 00:00:00,2014,4,19.4,2014-04-18 00:00:00
394,2014-03-12 00:00:00,2014,5,20.05,2014-05-16 00:00:00
395,2014-03-12 00:00:00,2014,6,20.45,2014-06-20 00:00:00
396,2014-03-12 00:00:00,2014,7,20.75,2014-07-18 00:00:00
397,2014-03-12 00:00:00,2014,8,21.0,2014-08-15 00:00:00
398,2014-03-12 00:00:00,2014,9,21.1,2014-09-19 00:00:00
399,2014-03-12 00:00:00,2014,10,21.35,2014-10-17 00:00:00
400,2014-03-13 00:00:00,2014,3,21.45,2014-03-21 00:00:00
401,2014-03-13 00:00:00,2014,4,20.25,2014-04-18 00:00:00
402,2014-03-13 00:00:00,2014,5,20.65,2014-05-16 00:00:00
403,2014-03-13 00:00:00,2014,6,20.85,2014-06-20 00:00:00
404,2014-03-13 00:00:00,2014,7,21.1,2014-07-18 00:00:00
405,2014-03-13 00:00:00,2014,8,21.25,2014-08-15 00:00:00
406,2014-03-13 00:00:00,2014,9,21.35,2014-09-19 00:00:00
407,2014-03-13 00:00:00,2014,10,21.55,2014-10-17 00:00:00
408,2014-03-14 00:00:00,2014,3,23.0,2014-03-21 00:00:00
409,2014-03-14 00:00:00,2014,4,20.7,2014-04-18 00:00:00
410,2014-03-14 00:00:00,2014,5,20.95,2014-05-16 00:00:00
411,2014-03-14 00:00:00,2014,6,21.15,2014-06-20 00:00:00
412,2014-03-14 00:00:00,2014,7,21.45,2014-07-18 00:00:00
413,2014-03-14 00:00:00,2014,8,21.6,2014-08-15 00:00:00
414,2014-03-14 00:00:00,2014,9,21.7,2014-09-19 00:00:00
415,2014-03-14 00:00:00,2014,10,21.8,2014-10-17 00:00:00
416,2014-03-17 00:00:00,2014,3,21.55,2014-03-21 00:00:00
417,2014-03-17 00:00:00,2014,4,19.85,2014-04-18 00:00:00
418,2014-03-17 00:00:00,2014,5,20.35,2014-05-16 00:00:00
419,2014-03-17 00:00:00,2014,6,20.55,2014-06-20 00:00:00
420,2014-03-17 00:00:00,2014,7,20.9,2014-07-18 00:00:00
421,2014-03-17 00:00:00,2014,8,21.15,2014-08-15 00:00:00
422,2014-03-17 00:00:00,2014,9,21.35,2014-09-19 00:00:00
423,2014-03-17 00:00:00,2014,10,21.5,2014-10-17 00:00:00
424,2014-03-18 00:00:00,2014,3,22.85,2014-03-21 00:00:00
425,2014-03-18 00:00:00,2014,4,19.15,2014-04-18 00:00:00
426,2014-03-18 00:00:00,2014,5,19.85,2014-05-16 00:00:00
427,2014-03-18 00:00:00,2014,6,20.25,2014-06-20 00:00:00
428,2014-03-18 00:00:00,2014,7,20.65,2014-07-18 00:00:00
429,2014-03-18 00:00:00,2014,8,20.95,2014-08-15 00:00:00
430,2014-03-18 00:00:00,2014,9,21.25,2014-09-19 00:00:00
431,2014-03-18 00:00:00,2014,10,21.35,2014-10-17 00:00:00
432,2014-03-19 00:00:00,2014,4,18.75,2014-04-18 00:00:00
433,2014-03-19 00:00:00,2014,5,19.5,2014-05-16 00:00:00
434,2014-03-19 00:00:00,2014,6,20.0,2014-06-20 00:00:00
435,2014-03-19 00:00:00,2014,7,20.5,2014-07-18 00:00:00
436,2014-03-19 00:00:00,2014,8,20.75,2014-08-15 00:00:00
437,2014-03-19 00:00:00,2014,9,21.0,2014-09-19 00:00:00
438,2014-03-19 00:00:00,2014,10,21.25,2014-10-17 00:00:00
439,2014-03-19 00:00:00,2014,11,21.3,2014-11-21 00:00:00
440,2014-03-20 00:00:00,2014,4,18.4,2014-04-18 00:00:00
441,2014-03-20 00:00:00,2014,5,19.25,2014-05-16 00:00:00
442,2014-03-20 00:00:00,2014,6,19.75,2014-06-20 00:00:00
443,2014-03-20 00:00:00,2014,7,20.3,2014-07-18 00:00:00
444,2014-03-20 00:00:00,2014,8,20.6,2014-08-15 00:00:00
445,2014-03-20 00:00:00,2014,9,20.9,2014-09-19 00:00:00
446,2014-03-20 00:00:00,2014,10,21.15,2014-10-17 00:00:00
447,2014-03-20 00:00:00,2014,11,21.15,2014-11-21 00:00:00
448,2014-03-21 00:00:00,2014,4,18.2,2014-04-18 00:00:00
449,2014-03-21 00:00:00,2014,5,19.25,2014-05-16 00:00:00
450,2014-03-21 00:00:00,2014,6,19.85,2014-06-20 00:00:00
451,2014-03-21 00:00:00,2014,7,20.35,2014-07-18 00:00:00
452,2014-03-21 00:00:00,2014,8,20.7,2014-08-15 00:00:00
453,2014-03-21 00:00:00,2014,9,21.0,2014-09-19 00:00:00
454,2014-03-21 00:00:00,2014,10,21.1,2014-10-17 00:00:00
455,2014-03-21 00:00:00,2014,11,21.15,2014-11-21 00:00:00
456,2014-03-24 00:00:00,2014,4,19.2,2014-04-18 00:00:00
457,2014-03-24 00:00:00,2014,5,20.05,2014-05-16 00:00:00
458,2014-03-24 00:00:00,2014,6,20.35,2014-06-20 00:00:00
459,2014-03-24 00:00:00,2014,7,20.9,2014-07-18 00:00:00
460,2014-03-24 00:00:00,2014,8,21.0,2014-08-15 00:00:00
461,2014-03-24 00:00:00,2014,9,21.2,2014-09-19 00:00:00
462,2014-03-24 00:00:00,2014,10,21.25,2014-10-17 00:00:00
463,2014-03-24 00:00:00,2014,11,21.4,2014-11-21 00:00:00
464,2014-03-25 00:00:00,2014,4,18.6,2014-04-18 00:00:00
465,2014-03-25 00:00:00,2014,5,19.55,2014-05-16 00:00:00
466,2014-03-25 00:00:00,2014,6,20.1,2014-06-20 00:00:00
467,2014-03-25 00:00:00,2014,7,20.55,2014-07-18 00:00:00
468,2014-03-25 00:00:00,2014,8,20.9,2014-08-15 00:00:00
469,2014-03-25 00:00:00,2014,9,21.1,2014-09-19 00:00:00
470,2014-03-25 00:00:00,2014,10,21.15,2014-10-17 00:00:00
471,2014-03-25 00:00:00,2014,11,21.25,2014-11-21 00:00:00
472,2014-03-26 00:00:00,2014,4,18.15,2014-04-18 00:00:00
473,2014-03-26 00:00:00,2014,5,19.2,2014-05-16 00:00:00
474,2014-03-26 00:00:00,2014,6,19.75,2014-06-20 00:00:00
475,2014-03-26 00:00:00,2014,7,20.3,2014-07-18 00:00:00
476,2014-03-26 00:00:00,2014,8,20.65,2014-08-15 00:00:00
477,2014-03-26 00:00:00,2014,9,20.9,2014-09-19 00:00:00
478,2014-03-26 00:00:00,2014,10,21.05,2014-10-17 00:00:00
479,2014-03-26 00:00:00,2014,11,21.1,2014-11-21 00:00:00
480,2014-03-27 00:00:00,2014,4,18.2,2014-04-18 00:00:00
481,2014-03-27 00:00:00,2014,5,19.65,2014-05-16 00:00:00
482,2014-03-27 00:00:00,2014,6,20.05,2014-06-20 00:00:00
483,2014-03-27 00:00:00,2014,7,20.5,2014-07-18 00:00:00
484,2014-03-27 00:00:00,2014,8,20.75,2014-08-15 00:00:00
485,2014-03-27 00:00:00,2014,9,20.9,2014-09-19 00:00:00
486,2014-03-27 00:00:00,2014,10,21.0,2014-10-17 00:00:00
487,2014-03-27 00:00:00,2014,11,21.25,2014-11-21 00:00:00
488,2014-03-28 00:00:00,2014,4,17.9,2014-04-18 00:00:00
489,2014-03-28 00:00:00,2014,5,19.55,2014-05-16 00:00:00
490,2014-03-28 00:00:00,2014,6,19.9,2014-06-20 00:00:00
491,2014-03-28 00:00:00,2014,7,20.4,2014-07-18 00:00:00
492,2014-03-28 00:00:00,2014,8,20.7,2014-08-15 00:00:00
493,2014-03-28 00:00:00,2014,9,20.9,2014-09-19 00:00:00
494,2014-03-28 00:00:00,2014,10,21.05,2014-10-17 00:00:00
495,2014-03-28 00:00:00,2014,11,21.15,2014-11-21 00:00:00
496,2014-03-31 00:00:00,2014,4,17.85,2014-04-18 00:00:00
497,2014-03-31 00:00:00,2014,5,19.55,2014-05-16 00:00:00
498,2014-03-31 00:00:00,2014,6,19.95,2014-06-20 00:00:00
499,2014-03-31 00:00:00,2014,7,20.4,2014-07-18 00:00:00
500,2014-03-31 00:00:00,2014,8,20.7,2014-08-15 00:00:00
501,2014-03-31 00:00:00,2014,9,20.95,2014-09-19 00:00:00
502,2014-03-31 00:00:00,2014,10,21.05,2014-10-17 00:00:00
503,2014-03-31 00:00:00,2014,11,21.25,2014-11-21 00:00:00
